<?xml version="1.0" encoding="UTF-8"?>

<channel name="thunar" version="1.0">
  <property name="last-view" type="string" value="ThunarIconView"/>
  <property name="last-icon-view-zoom-level" type="string" value="THUNAR_ZOOM_LEVEL_100_PERCENT"/>
  <property name="last-window-width" type="int" value="1037"/>
  <property name="last-window-height" type="int" value="650"/>
  <property name="last-window-maximized" type="bool" value="false"/>
  <property name="last-separator-position" type="int" value="170"/>
  <property name="last-show-hidden" type="bool" value="true"/>
  <property name="last-details-view-zoom-level" type="string" value="THUNAR_ZOOM_LEVEL_38_PERCENT"/>
  <property name="last-details-view-column-widths" type="string" value="50,133,50,50,290,50,50,78,50,340"/>
  <property name="last-sort-column" type="string" value="THUNAR_COLUMN_TYPE"/>
  <property name="last-sort-order" type="string" value="GTK_SORT_ASCENDING"/>
</channel>
