<?xml version="1.0" encoding="UTF-8"?>

<channel name="xfce4-desktop" version="1.0">
  <property name="backdrop" type="empty">
    <property name="screen0" type="empty">
      <property name="monitor0" type="empty">
        <property name="workspace0" type="empty">
          <property name="color-style" type="int" value="0"/>
          <property name="image-style" type="int" value="5"/>
          <property name="image-path" type="string" value="/usr/share/backgrounds/armbian/armbian18-Dre0x-Minum-light-3840x2160.jpg"/>
          <property name="last-image" type="string" value="/usr/share/backgrounds/armbian/armbian03-Dre0x-Minum-dark-3840x2160.jpg"/>
        </property>
        <property name="workspace1" type="empty">
          <property name="color-style" type="int" value="0"/>
          <property name="image-style" type="int" value="5"/>
          <property name="image-path" type="string" value="/usr/share/backgrounds/armbian/armbian03-Dre0x-Minum-dark-3840x2160.jpg"/>
          <property name="last-image" type="string" value="/usr/share/backgrounds/armbian/armbian18-Dre0x-Minum-light-3840x2160.jpg"/>
        </property>
      </property>
      <property name="monitor1" type="empty">
        <property name="workspace0" type="empty">
          <property name="color-style" type="int" value="0"/>
          <property name="image-style" type="int" value="5"/>
          <property name="image-path" type="string" value="/usr/share/backgrounds/armbian/armbian18-Dre0x-Minum-light-3840x2160.jpg"/>
          <property name="last-image" type="string" value="/usr/share/backgrounds/armbian/armbian03-Dre0x-Minum-dark-3840x2160.jpg"/>
        </property>
        <property name="workspace1" type="empty">
          <property name="color-style" type="int" value="0"/>
          <property name="image-style" type="int" value="5"/>
          <property name="image-path" type="string" value="/usr/share/backgrounds/armbian/armbian03-Dre0x-Minum-dark-3840x2160.jpg"/>
          <property name="last-image" type="string" value="/usr/share/backgrounds/armbian/armbian18-Dre0x-Minum-light-3840x2160.jpg"/>
        </property>
      </property>
      <property name="monitorHDMI-1" type="empty">
        <property name="workspace0" type="empty">
          <property name="color-style" type="int" value="0"/>
          <property name="image-style" type="int" value="5"/>
          <property name="image-path" type="string" value="/usr/share/backgrounds/armbian/armbian03-Dre0x-Minum-dark-3840x2160.jpg"/>
          <property name="last-image" type="string" value="/usr/share/backgrounds/commodore_wallpaper_by_imax3d-d5l5ttq.png"/>
        </property>
        <property name="workspace1" type="empty">
          <property name="color-style" type="int" value="0"/>
          <property name="image-style" type="int" value="5"/>
          <property name="image-path" type="string" value="/usr/share/backgrounds/armbian/armbian03-Dre0x-Minum-dark-3840x2160.jpg"/>
          <property name="last-image" type="string" value="/usr/share/backgrounds/armbian/armbian18-Dre0x-Minum-light-3840x2160.jpg"/>
        </property>
      </property>
      <property name="monitoreDP-1" type="empty">
        <property name="workspace0" type="empty">
          <property name="color-style" type="int" value="0"/>
          <property name="image-style" type="int" value="5"/>
          <property name="image-path" type="string" value="/usr/share/backgrounds/armbian/armbian03-Dre0x-Minum-dark-3840x2160.jpg"/>
          <property name="last-image" type="string" value="/usr/share/backgrounds/armbian/armbian03-Dre0x-Minum-dark-3840x2160.jpg"/>
        </property>
        <property name="workspace1" type="empty">
          <property name="color-style" type="int" value="0"/>
          <property name="image-style" type="int" value="5"/>
          <property name="image-path" type="string" value="/usr/share/backgrounds/armbian/armbian03-Dre0x-Minum-dark-3840x2160.jpg"/>
          <property name="last-image" type="string" value="/usr/share/backgrounds/armbian/armbian18-Dre0x-Minum-light-3840x2160.jpg"/>
        </property>
      </property>
      <property name="monitorVirtual-1" type="empty">
        <property name="workspace0" type="empty">
          <property name="color-style" type="int" value="0"/>
          <property name="image-style" type="int" value="5"/>
          <property name="image-path" type="string" value="/usr/share/backgrounds/armbian/armbian03-Dre0x-Minum-dark-3840x2160.jpg"/>
          <property name="last-image" type="string" value="/usr/share/backgrounds/armbian/armbian03-Dre0x-Minum-dark-3840x2160.jpg"/>
        </property>
        <property name="workspace1" type="empty">
          <property name="color-style" type="int" value="0"/>
          <property name="image-style" type="int" value="5"/>
          <property name="image-path" type="string" value="/usr/share/backgrounds/armbian/armbian03-Dre0x-Minum-light-3840x2160.jpg"/>
          <property name="last-image" type="string" value="/usr/share/backgrounds/armbian/armbian18-Dre0x-Minum-light-3840x2160.jpg"/>
        </property>
      </property>
      <property name="monitorDP-2" type="empty">
        <property name="workspace0" type="empty">
          <property name="color-style" type="int" value="0"/>
          <property name="image-style" type="int" value="5"/>
          <property name="image-path" type="string" value="/usr/share/backgrounds/armbian/armbian03-Dre0x-Minum-dark-3840x2160.jpg"/>
          <property name="last-image" type="string" value="/usr/share/backgrounds/armbian/armbian03-Dre0x-Minum-dark-3840x2160.jpg"/>
        </property>
        <property name="workspace1" type="empty">
          <property name="color-style" type="int" value="0"/>
          <property name="image-style" type="int" value="5"/>
          <property name="image-path" type="string" value="/usr/share/backgrounds/armbian/armbian03-Dre0x-Minum-dark-3840x2160.jpg"/>
          <property name="last-image" type="string" value="/usr/share/backgrounds/armbian/armbian03-Dre0x-Minum-dark-3840x2160.jpg"/>
        </property>
      </property>
      <property name="monitorHDMI-0" type="empty">
        <property name="workspace0" type="empty">
          <property name="color-style" type="int" value="0"/>
          <property name="image-style" type="int" value="5"/>
          <property name="image-path" type="string" value="/usr/share/backgrounds/armbian/armbian03-Dre0x-Minum-light-3840x2160.jpg"/>
          <property name="last-image" type="string" value="/usr/share/backgrounds/armbian/armbian03-Dre0x-Minum-light-3840x2160.jpg"/>
        </property>
        <property name="workspace1" type="empty">
          <property name="color-style" type="int" value="0"/>
          <property name="image-style" type="int" value="5"/>
          <property name="image-path" type="string" value="/usr/share/backgrounds/armbian/armbian03-Dre0x-Minum-dark-3840x2160.jpg"/>
          <property name="last-image" type="string" value="/usr/share/backgrounds/armbian/armbian03-Dre0x-Minum-dark-3840x2160.jpg"/>
        </property>
      </property>
    </property>
    <property name="single-workspace-mode" type="bool" value="false"/>
  </property>
  <property name="desktop-icons" type="empty">
    <property name="icon-size" type="uint" value="32"/>
    <property name="file-icons" type="empty">
      <property name="show-home" type="bool" value="false"/>
      <property name="show-filesystem" type="bool" value="false"/>
      <property name="show-trash" type="bool" value="false"/>
    </property>
  </property>
  <property name="last" type="empty">
    <property name="window-width" type="int" value="699"/>
    <property name="window-height" type="int" value="496"/>
  </property>
</channel>
