<monitors version="2">
  <configuration>
    <logicalmonitor>
      <x>0</x>
      <y>0</y>
      <scale>1</scale>
      <primary>yes</primary>
      <monitor>
        <monitorspec>
          <connector>HDMI-2</connector>
          <vendor>GSM</vendor>
          <product>LG TV</product>
          <serial>0x01010101</serial>
        </monitorspec>
        <mode>
          <width>1360</width>
          <height>768</height>
          <rate>60.015163421630859</rate>
        </mode>
      </monitor>
    </logicalmonitor>
  </configuration>
</monitors>
