<?xml version="1.0" encoding="UTF-8"?>

<channel name="xfce4-panel" version="1.0">
  <property name="configver" type="int" value="2"/>
  <property name="panels" type="array">
    <value type="int" value="1"/>
    <value type="int" value="2"/>
    <property name="panel-1" type="empty">
      <property name="position" type="string" value="p=6;x=0;y=0"/>
      <property name="length" type="uint" value="100"/>
      <property name="position-locked" type="bool" value="true"/>
      <property name="size" type="uint" value="30"/>
      <property name="plugin-ids" type="array">
        <value type="int" value="1"/>
        <value type="int" value="6"/>
        <value type="int" value="3"/>
        <value type="int" value="4"/>
        <value type="int" value="5"/>
        <value type="int" value="13"/>
        <value type="int" value="2"/>
      </property>
      <property name="leave-opacity" type="uint" value="100"/>
      <property name="background-style" type="uint" value="1"/>
      <property name="enter-opacity" type="uint" value="100"/>
    </property>
    <property name="panel-2" type="empty">
      <property name="position" type="string" value="p=12;x=714;y=1055"/>
      <property name="size" type="uint" value="48"/>
      <property name="plugin-ids" type="array">
        <value type="int" value="7"/>
        <value type="int" value="14"/>
        <value type="int" value="19"/>
        <value type="int" value="10"/>
        <value type="int" value="24"/>
        <value type="int" value="25"/>
        <value type="int" value="16"/>
        <value type="int" value="22"/>
        <value type="int" value="8"/>
        <value type="int" value="9"/>
        <value type="int" value="18"/>
        <value type="int" value="11"/>
        <value type="int" value="26"/>
        <value type="int" value="23"/>
        <value type="int" value="20"/>
        <value type="int" value="21"/>
        <value type="int" value="12"/>
      </property>
      <property name="position-locked" type="bool" value="true"/>
      <property name="enter-opacity" type="uint" value="97"/>
      <property name="leave-opacity" type="uint" value="63"/>
      <property name="background-style" type="uint" value="1"/>
      <property name="length" type="uint" value="1"/>
      <property name="background-rgba" type="array">
        <value type="double" value="0.466667"/>
        <value type="double" value="0.462745"/>
        <value type="double" value="0.482353"/>
        <value type="double" value="1.000000"/>
      </property>
    </property>
    <property name="dark-mode" type="bool" value="false"/>
  </property>
  <property name="plugins" type="empty">
    <property name="plugin-1" type="string" value="applicationsmenu">
      <property name="button-icon" type="string" value="/usr/share/icons/AMIGAOSLINUX/scalable/places/start-here.png"/>
      <property name="button-title" type="string" value="Workbench"/>
    </property>
    <property name="plugin-2" type="string" value="actions">
      <property name="items" type="array">
        <value type="string" value="-lock-screen"/>
        <value type="string" value="-switch-user"/>
        <value type="string" value="-separator"/>
        <value type="string" value="+suspend"/>
        <value type="string" value="-hibernate"/>
        <value type="string" value="-separator"/>
        <value type="string" value="+shutdown"/>
        <value type="string" value="+restart"/>
        <value type="string" value="+separator"/>
        <value type="string" value="+logout"/>
        <value type="string" value="-logout-dialog"/>
      </property>
      <property name="appearance" type="uint" value="0"/>
    </property>
    <property name="plugin-3" type="string" value="tasklist">
      <property name="flat-buttons" type="bool" value="true"/>
    </property>
    <property name="plugin-4" type="string" value="pager"/>
    <property name="plugin-5" type="string" value="clock"/>
    <property name="plugin-7" type="string" value="applicationsmenu">
      <property name="button-icon" type="string" value="help-about"/>
      <property name="button-title" type="string" value="AmiRock"/>
      <property name="show-generic-names" type="bool" value="false"/>
      <property name="show-tooltips" type="bool" value="true"/>
    </property>
    <property name="plugin-8" type="string" value="launcher">
      <property name="items" type="array">
        <value type="string" value="16779990041.desktop"/>
      </property>
    </property>
    <property name="plugin-9" type="string" value="launcher">
      <property name="items" type="array">
        <value type="string" value="16779990192.desktop"/>
      </property>
    </property>
    <property name="plugin-10" type="string" value="launcher">
      <property name="items" type="array">
        <value type="string" value="16779990573.desktop"/>
      </property>
    </property>
    <property name="plugin-11" type="string" value="launcher">
      <property name="items" type="array">
        <value type="string" value="16779990764.desktop"/>
      </property>
    </property>
    <property name="plugin-14" type="string" value="launcher">
      <property name="items" type="array">
        <value type="string" value="16779994057.desktop"/>
      </property>
    </property>
    <property name="plugin-16" type="string" value="launcher">
      <property name="items" type="array">
        <value type="string" value="16780013268.desktop"/>
      </property>
    </property>
    <property name="plugin-18" type="string" value="launcher">
      <property name="items" type="array">
        <value type="string" value="167800161410.desktop"/>
      </property>
    </property>
    <property name="plugin-19" type="string" value="launcher">
      <property name="items" type="array">
        <value type="string" value="167800185411.desktop"/>
      </property>
    </property>
    <property name="plugin-20" type="string" value="launcher">
      <property name="items" type="array">
        <value type="string" value="167800245112.desktop"/>
      </property>
    </property>
    <property name="plugin-21" type="string" value="launcher">
      <property name="items" type="array">
        <value type="string" value="167800341413.desktop"/>
      </property>
    </property>
    <property name="plugin-22" type="string" value="separator"/>
    <property name="plugin-23" type="string" value="separator"/>
    <property name="plugin-24" type="string" value="launcher">
      <property name="items" type="array">
        <value type="string" value="167800404514.desktop"/>
      </property>
    </property>
    <property name="plugin-25" type="string" value="launcher">
      <property name="items" type="array">
        <value type="string" value="167800406715.desktop"/>
      </property>
    </property>
    <property name="plugin-6" type="string" value="separator">
      <property name="expand" type="bool" value="true"/>
    </property>
    <property name="plugin-26" type="string" value="launcher">
      <property name="items" type="array">
        <value type="string" value="16780053611.desktop"/>
      </property>
    </property>
    <property name="plugin-12" type="string" value="thunar-tpa"/>
    <property name="plugin-13" type="string" value="pulseaudio">
      <property name="enable-keyboard-shortcuts" type="bool" value="true"/>
    </property>
  </property>
</channel>
