<?xml version="1.0" encoding="UTF-8"?>

<channel name="xfce4-power-manager" version="1.0">
  <property name="xfce4-power-manager" type="empty">
    <property name="power-button-action" type="empty"/>
    <property name="dpms-enabled" type="bool" value="true"/>
    <property name="blank-on-ac" type="int" value="0"/>
    <property name="lock-screen-suspend-hibernate" type="bool" value="false"/>
    <property name="logind-handle-lid-switch" type="bool" value="false"/>
    <property name="show-tray-icon" type="bool" value="false"/>
    <property name="general-notification" type="bool" value="true"/>
    <property name="presentation-mode" type="bool" value="false"/>
    <property name="lid-action-on-battery" type="uint" value="0"/>
    <property name="lid-action-on-ac" type="uint" value="0"/>
    <property name="handle-brightness-keys" type="bool" value="true"/>
    <property name="brightness-switch-restore-on-exit" type="int" value="1"/>
    <property name="brightness-switch" type="int" value="0"/>
  </property>
</channel>
